{
	"variables": [],
	"info": {
		"name": "ProblemSet1",
		"_postman_id": "9b4bd130-09c4-d779-54a2-b93844b9b285",
		"description": "",
		"schema": "https://schema.getpostman.com/json/collection/v2.0.0/collection.json"
	},
	"item": [
		{
			"name": "http://127.0.0.1:5000/user",
			"request": {
				"url": "http://127.0.0.1:5000/user",
				"method": "POST",
				"header": [
					{
						"key": "Content-Type",
						"value": "application/json",
						"description": ""
					}
				],
				"body": {
					"mode": "raw",
					"raw": "{\"name\" : \"Admin\", \"password\" : \"12345\"}"
				},
				"description": "Create user"
			},
			"response": []
		},
		{
			"name": "http://127.0.0.1:5000/user/8133ce2f-deaf-4032-b7cb-793b66272614",
			"request": {
				"url": "http://127.0.0.1:5000/user",
				"method": "GET",
				"header": [
					{
						"key": "Authorization",
						"value": "Basic QWRtaW46MTIzNDU=",
						"description": ""
					},
					{
						"key": "Content-Type",
						"value": "application/json",
						"description": ""
					},
					{
						"key": "x-access-token",
						"value": "eyJ0eXAiOiJKV1QiLCJhbGciOiJIUzI1NiJ9.eyJwdWJsaWNfaWQiOiI4MTMzY2UyZi1kZWFmLTQwMzItYjdjYi03OTNiNjYyNzI2MTQiLCJleHAiOjE2NDIxNTE5Mzd9.tSd2lZf9Piae8xL3Yc3W_gbVpOiFSFcWSspp1xnneDU",
						"description": ""
					}
				],
				"body": {},
				"description": "get one user"
			},
			"response": []
		},
		{
			"name": "http://127.0.0.1:5000/user/8133ce2f-deaf-4032-b7cb-793b66272614",
			"request": {
				"url": "http://127.0.0.1:5000/user/8133ce2f-deaf-4032-b7cb-793b66272614",
				"method": "PUT",
				"header": [],
				"body": {},
				"description": "promote a user to admin"
			},
			"response": []
		},
		{
			"name": "http://127.0.0.1:5000/user/8133ce2f-deaf-4032-b7cb-793b66272614",
			"request": {
				"url": "http://127.0.0.1:5000/user/0cbffeee-53bc-4a34-b1e6-5c90f9f11a77",
				"method": "DELETE",
				"header": [],
				"body": {},
				"description": "delete a user"
			},
			"response": []
		},
		{
			"name": "http://127.0.0.1:5000/user/8133ce2f-deaf-4032-b7cb-793b66272614",
			"request": {
				"url": "http://127.0.0.1:5000/user",
				"method": "GET",
				"header": [
					{
						"key": "Authorization",
						"value": "Basic SmFzbWluZToxMjM0NQ==",
						"description": ""
					},
					{
						"key": "Content-Type",
						"value": "application/json",
						"description": ""
					},
					{
						"key": "x-access-token",
						"value": "eyJ0eXAiOiJKV1QiLCJhbGciOiJIUzI1NiJ9.eyJwdWJsaWNfaWQiOiI3ZTQ4YTg0YS1hNzcwLTRhNzktYjNiNS0xZmUyYjllNGJhMzUiLCJleHAiOjE2NDIxNTI4MTd9.cmd6fu68heX_yY5afS34qzgaLz2gMQ1vIHUfsmQDjCs",
						"description": ""
					}
				],
				"body": {},
				"description": "unauthorised user"
			},
			"response": []
		},
		{
			"name": "http://127.0.0.1:5000/user/8133ce2f-deaf-4032-b7cb-793b66272614",
			"request": {
				"url": "http://127.0.0.1:5000/todo",
				"method": "POST",
				"header": [
					{
						"key": "Authorization",
						"value": "Basic SmFzbWluZToxMjM0NQ==",
						"description": ""
					},
					{
						"key": "Content-Type",
						"value": "application/json",
						"description": ""
					},
					{
						"key": "x-access-token",
						"value": "eyJ0eXAiOiJKV1QiLCJhbGciOiJIUzI1NiJ9.eyJwdWJsaWNfaWQiOiI3ZTQ4YTg0YS1hNzcwLTRhNzktYjNiNS0xZmUyYjllNGJhMzUiLCJleHAiOjE2NDIxNTI4MTd9.cmd6fu68heX_yY5afS34qzgaLz2gMQ1vIHUfsmQDjCs",
						"description": ""
					}
				],
				"body": {
					"mode": "raw",
					"raw": "{\"text\" : \"Get ready for new year holiday!\"}"
				},
				"description": "create a todo post"
			},
			"response": []
		},
		{
			"name": "http://127.0.0.1:5000/user/8133ce2f-deaf-4032-b7cb-793b66272614",
			"request": {
				"url": "http://127.0.0.1:5000/todo",
				"method": "GET",
				"header": [
					{
						"key": "Authorization",
						"value": "Basic Og==",
						"description": ""
					},
					{
						"key": "Content-Type",
						"value": "application/json",
						"description": ""
					},
					{
						"key": "x-access-token",
						"value": "eyJ0eXAiOiJKV1QiLCJhbGciOiJIUzI1NiJ9.eyJwdWJsaWNfaWQiOiI3ZTQ4YTg0YS1hNzcwLTRhNzktYjNiNS0xZmUyYjllNGJhMzUiLCJleHAiOjE2NDIxNTI4MTd9.cmd6fu68heX_yY5afS34qzgaLz2gMQ1vIHUfsmQDjCs",
						"description": ""
					}
				],
				"body": {
					"mode": "raw",
					"raw": "{\"text\" : \"Get ready for new year holiday!\"}"
				},
				"description": "get my todo lists"
			},
			"response": []
		},
		{
			"name": "http://127.0.0.1:5000/user/8133ce2f-deaf-4032-b7cb-793b66272614",
			"request": {
				"url": "http://127.0.0.1:5000/todo/1",
				"method": "PUT",
				"header": [
					{
						"key": "Authorization",
						"value": "Basic Og==",
						"description": ""
					},
					{
						"key": "Content-Type",
						"value": "application/json",
						"description": ""
					},
					{
						"key": "x-access-token",
						"value": "eyJ0eXAiOiJKV1QiLCJhbGciOiJIUzI1NiJ9.eyJwdWJsaWNfaWQiOiI3ZTQ4YTg0YS1hNzcwLTRhNzktYjNiNS0xZmUyYjllNGJhMzUiLCJleHAiOjE2NDIxNTI4MTd9.cmd6fu68heX_yY5afS34qzgaLz2gMQ1vIHUfsmQDjCs",
						"description": ""
					}
				],
				"body": {
					"mode": "raw",
					"raw": "{\"text\" : \"Get ready for new year holiday!\"}"
				},
				"description": "update my todo item"
			},
			"response": []
		}
	]
}